title,content,url
AnyDBM_File,-provideframeworkformultipleDBMs,https://perldoc.perl.org/5.32.0/AnyDBM_File.html
App::Cpan,-easilyinteractwithCPANfromthecommandline,https://perldoc.perl.org/5.32.0/App/Cpan.html
App::Prove,-Implementstheprovecommand.,https://perldoc.perl.org/5.32.0/App/Prove.html
App::Prove::State,-Statestoragefortheprovecommand.,https://perldoc.perl.org/5.32.0/App/Prove/State.html
App::Prove::State::Result,-Individualtestsuiteresults.,https://perldoc.perl.org/5.32.0/App/Prove/State/Result.html
App::Prove::State::Result::Test,-Individualtestresults.,https://perldoc.perl.org/5.32.0/App/Prove/State/Result/Test.html
Archive::Tar,-moduleformanipulationsoftararchives,https://perldoc.perl.org/5.32.0/Archive/Tar.html
Archive::Tar::File,-asubclassforin-memoryextractedfilefromArchive::Tar,https://perldoc.perl.org/5.32.0/Archive/Tar/File.html
Attribute::Handlers,-Simplerdefinitionofattributehandlers,https://perldoc.perl.org/5.32.0/Attribute/Handlers.html
AutoLoader,-loadsubroutinesonlyondemand,https://perldoc.perl.org/5.32.0/AutoLoader.html
AutoSplit,-splitapackageforautoloading,https://perldoc.perl.org/5.32.0/AutoSplit.html
B,-ThePerlCompilerBackend,https://perldoc.perl.org/5.32.0/B.html
B::Concise,"-WalkPerlsyntaxtree,printingconciseinfoaboutops",https://perldoc.perl.org/5.32.0/B/Concise.html
B::Deparse,-Perlcompilerbackendtoproduceperlcode,https://perldoc.perl.org/5.32.0/B/Deparse.html
B::Op_private,-OPop_privateflagdefinitions,https://perldoc.perl.org/5.32.0/B/Op_private.html
B::Showlex,-Showlexicalvariablesusedinfunctionsorfiles,https://perldoc.perl.org/5.32.0/B/Showlex.html
B::Terse,"-WalkPerlsyntaxtree,printingterseinfoaboutops",https://perldoc.perl.org/5.32.0/B/Terse.html
B::Xref,-GeneratescrossreferencereportsforPerlprograms,https://perldoc.perl.org/5.32.0/B/Xref.html
Benchmark,-benchmarkrunningtimesofPerlcode,https://perldoc.perl.org/5.32.0/Benchmark.html
Carp,-alternativewarnanddieformodules,https://perldoc.perl.org/5.32.0/Carp.html
Class::Struct,-declarestruct-likedatatypesasPerlclasses,https://perldoc.perl.org/5.32.0/Class/Struct.html
Compress::Raw::Bzip2,-Low-LevelInterfacetobzip2compressionlibrary,https://perldoc.perl.org/5.32.0/Compress/Raw/Bzip2.html
Compress::Raw::Zlib,-Low-LevelInterfacetozlibcompressionlibrary,https://perldoc.perl.org/5.32.0/Compress/Raw/Zlib.html
Compress::Zlib,-Interfacetozlibcompressionlibrary,https://perldoc.perl.org/5.32.0/Compress/Zlib.html
Config,-=forcommentGeneratedbyconfigpm.Anychangesmadeherewillbelost!,https://perldoc.perl.org/5.32.0/Config.html
Config::Extensions,-hashlookupofwhichcoreextensionswerebuilt.,https://perldoc.perl.org/5.32.0/Config/Extensions.html
Config::Perl::V,-Structureddataretrievalofperl-Voutput,https://perldoc.perl.org/5.32.0/Config/Perl/V.html
CPAN,"-query,downloadandbuildperlmodulesfromCPANsites",https://perldoc.perl.org/5.32.0/CPAN.html
CPAN::Debug,-internaldebuggingforCPAN.pm,https://perldoc.perl.org/5.32.0/CPAN/Debug.html
CPAN::Distroprefs,-readandmatchdistroprefs,https://perldoc.perl.org/5.32.0/CPAN/Distroprefs.html
CPAN::FirstTime,-UtilityforCPAN::ConfigfileInitialization,https://perldoc.perl.org/5.32.0/CPAN/FirstTime.html
CPAN::HandleConfig,-internalconfigurationhandlingforCPAN.pm,https://perldoc.perl.org/5.32.0/CPAN/HandleConfig.html
CPAN::Kwalify,-InterfacebetweenCPAN.pmandKwalify.pm,https://perldoc.perl.org/5.32.0/CPAN/Kwalify.html
CPAN::Meta,-thedistributionmetadataforaCPANdist,https://perldoc.perl.org/5.32.0/CPAN/Meta.html
CPAN::Meta::Converter,-ConvertCPANdistributionmetadatastructures,https://perldoc.perl.org/5.32.0/CPAN/Meta/Converter.html
CPAN::Meta::Feature,-anoptionalfeatureprovidedbyaCPANdistribution,https://perldoc.perl.org/5.32.0/CPAN/Meta/Feature.html
CPAN::Meta::History,-historyofCPANMetaSpecchanges,https://perldoc.perl.org/5.32.0/CPAN/Meta/History.html
CPAN::Meta::Merge,-MergingCPANMetafragments,https://perldoc.perl.org/5.32.0/CPAN/Meta/Merge.html
CPAN::Meta::Prereqs,-asetofdistributionprerequisitesbyphaseandtype,https://perldoc.perl.org/5.32.0/CPAN/Meta/Prereqs.html
CPAN::Meta::Requirements,-asetofversionrequirementsforaCPANdist,https://perldoc.perl.org/5.32.0/CPAN/Meta/Requirements.html
CPAN::Meta::Spec,-specificationforCPANdistributionmetadata,https://perldoc.perl.org/5.32.0/CPAN/Meta/Spec.html
CPAN::Meta::Validator,-validateCPANdistributionmetadatastructures,https://perldoc.perl.org/5.32.0/CPAN/Meta/Validator.html
CPAN::Meta::YAML,-ReadandwriteasubsetofYAMLforCPANMetafiles,https://perldoc.perl.org/5.32.0/CPAN/Meta/YAML.html
CPAN::Mirrors,-GetCPANmirrorinformationandselectafastone,https://perldoc.perl.org/5.32.0/CPAN/Mirrors.html
CPAN::Nox,-WrapperaroundCPAN.pmwithoutusinganyXSmodule,https://perldoc.perl.org/5.32.0/CPAN/Nox.html
CPAN::Plugin,-BaseclassforCPANshellextensions,https://perldoc.perl.org/5.32.0/CPAN/Plugin.html
CPAN::Plugin::Specfile,-ProofofconceptimplementationofatrivialCPAN::Plugin,https://perldoc.perl.org/5.32.0/CPAN/Plugin/Specfile.html
CPAN::Queue,-internalqueuesupportforCPAN.pm,https://perldoc.perl.org/5.32.0/CPAN/Queue.html
CPAN::Tarzip,-internalhandlingoftararchivesforCPAN.pm,https://perldoc.perl.org/5.32.0/CPAN/Tarzip.html
CPAN::Version,-utilityfunctionstocompareCPANversions,https://perldoc.perl.org/5.32.0/CPAN/Version.html
Cwd,-getpathnameofcurrentworkingdirectory,https://perldoc.perl.org/5.32.0/Cwd.html
Data::Dumper,"-stringifiedperldatastructures,suitableforbothprintingandeval",https://perldoc.perl.org/5.32.0/Data/Dumper.html
DB,-programmaticinterfacetothePerldebuggingAPI,https://perldoc.perl.org/5.32.0/DB.html
DBM_Filter,-FilterDBMkeys/values,https://perldoc.perl.org/5.32.0/DBM_Filter.html
DBM_Filter::compress,-filterforDBM_Filter,https://perldoc.perl.org/5.32.0/DBM_Filter/compress.html
DBM_Filter::encode,-filterforDBM_Filter,https://perldoc.perl.org/5.32.0/DBM_Filter/encode.html
DBM_Filter::int32,-filterforDBM_Filter,https://perldoc.perl.org/5.32.0/DBM_Filter/int32.html
DBM_Filter::null,-filterforDBM_Filter,https://perldoc.perl.org/5.32.0/DBM_Filter/null.html
DBM_Filter::utf8,-filterforDBM_Filter,https://perldoc.perl.org/5.32.0/DBM_Filter/utf8.html
Devel::Peek,-AdatadebuggingtoolfortheXSprogrammer,https://perldoc.perl.org/5.32.0/Devel/Peek.html
Devel::PPPort,-Perl/Pollution/Portability,https://perldoc.perl.org/5.32.0/Devel/PPPort.html
Devel::SelfStubber,-generatestubsforaSelfLoadingmodule,https://perldoc.perl.org/5.32.0/Devel/SelfStubber.html
Digest,-Modulesthatcalculatemessagedigests,https://perldoc.perl.org/5.32.0/Digest.html
Digest::base,-Digestbaseclass,https://perldoc.perl.org/5.32.0/Digest/base.html
Digest::file,-Calculatedigestsoffiles,https://perldoc.perl.org/5.32.0/Digest/file.html
Digest::MD5,-PerlinterfacetotheMD5Algorithm,https://perldoc.perl.org/5.32.0/Digest/MD5.html
Digest::SHA,-PerlextensionforSHA-1/224/256/384/512,https://perldoc.perl.org/5.32.0/Digest/SHA.html
DirHandle,-(obsolete)supplyobjectmethodsfordirectoryhandles,https://perldoc.perl.org/5.32.0/DirHandle.html
Dumpvalue,-providesscreendumpofPerldata.,https://perldoc.perl.org/5.32.0/Dumpvalue.html
DynaLoader,-DynamicallyloadClibrariesintoPerlcode,https://perldoc.perl.org/5.32.0/DynaLoader.html
Encode,-characterencodingsinPerl,https://perldoc.perl.org/5.32.0/Encode.html
Encode::Alias,-aliasdefinitionstoencodings,https://perldoc.perl.org/5.32.0/Encode/Alias.html
Encode::Byte,-SingleByteEncodings,https://perldoc.perl.org/5.32.0/Encode/Byte.html
Encode::CJKConstants,-InternallyusedbyEncode::??::ISO_2022_*,https://perldoc.perl.org/5.32.0/Encode/CJKConstants.html
Encode::CN,-China-basedChineseEncodings,https://perldoc.perl.org/5.32.0/Encode/CN.html
Encode::CN::HZ,-internallyusedbyEncode::CN,https://perldoc.perl.org/5.32.0/Encode/CN/HZ.html
Encode::Config,-internallyusedbyEncode,https://perldoc.perl.org/5.32.0/Encode/Config.html
Encode::EBCDIC,-EBCDICEncodings,https://perldoc.perl.org/5.32.0/Encode/EBCDIC.html
Encode::Encoder,-ObjectOrientedEncoder,https://perldoc.perl.org/5.32.0/Encode/Encoder.html
Encode::Encoding,-EncodeImplementationBaseClass,https://perldoc.perl.org/5.32.0/Encode/Encoding.html
Encode::GSM0338,-ESTIGSM03.38Encoding,https://perldoc.perl.org/5.32.0/Encode/GSM0338.html
Encode::Guess,-Guessesencodingfromdata,https://perldoc.perl.org/5.32.0/Encode/Guess.html
Encode::JP,-JapaneseEncodings,https://perldoc.perl.org/5.32.0/Encode/JP.html
Encode::JP::H2Z,-internallyusedbyEncode::JP::2022_JP*,https://perldoc.perl.org/5.32.0/Encode/JP/H2Z.html
Encode::JP::JIS7,-internallyusedbyEncode::JP,https://perldoc.perl.org/5.32.0/Encode/JP/JIS7.html
Encode::KR,-KoreanEncodings,https://perldoc.perl.org/5.32.0/Encode/KR.html
Encode::KR::2022_KR,-internallyusedbyEncode::KR,https://perldoc.perl.org/5.32.0/Encode/KR/2022_KR.html
Encode::MIME::Header,-MIMEencodingforanunstructuredemailheader,https://perldoc.perl.org/5.32.0/Encode/MIME/Header.html
Encode::MIME::Name,-internallyusedbyEncode,https://perldoc.perl.org/5.32.0/Encode/MIME/Name.html
Encode::Symbol,-SymbolEncodings,https://perldoc.perl.org/5.32.0/Encode/Symbol.html
Encode::TW,-Taiwan-basedChineseEncodings,https://perldoc.perl.org/5.32.0/Encode/TW.html
Encode::Unicode,-VariousUnicodeTransformationFormats,https://perldoc.perl.org/5.32.0/Encode/Unicode.html
Encode::Unicode::UTF7,-UTF-7encoding,https://perldoc.perl.org/5.32.0/Encode/Unicode/UTF7.html
English,-useniceEnglish(orawk)namesforuglypunctuationvariables,https://perldoc.perl.org/5.32.0/English.html
Env,-perlmodulethatimportsenvironmentvariablesasscalarsorarrays,https://perldoc.perl.org/5.32.0/Env.html
Errno,-Systemerrnoconstants,https://perldoc.perl.org/5.32.0/Errno.html
Exporter,-Implementsdefaultimportmethodformodules,https://perldoc.perl.org/5.32.0/Exporter.html
Exporter::Heavy,-Exporterguts,https://perldoc.perl.org/5.32.0/Exporter/Heavy.html
ExtUtils::CBuilder,-CompileandlinkCcodeforPerlmodules,https://perldoc.perl.org/5.32.0/ExtUtils/CBuilder.html
ExtUtils::CBuilder::Platform::Windows,-BuilderclassforWindowsplatforms,https://perldoc.perl.org/5.32.0/ExtUtils/CBuilder/Platform/Windows.html
ExtUtils::Command,-utilitiestoreplacecommonUNIXcommandsinMakefilesetc.,https://perldoc.perl.org/5.32.0/ExtUtils/Command.html
ExtUtils::Command::MM,-CommandsfortheMM'stouseinMakefiles,https://perldoc.perl.org/5.32.0/ExtUtils/Command/MM.html
ExtUtils::Constant,-generateXScodetoimportCheaderconstants,https://perldoc.perl.org/5.32.0/ExtUtils/Constant.html
ExtUtils::Constant::Base,-baseclassforExtUtils::Constantobjects,https://perldoc.perl.org/5.32.0/ExtUtils/Constant/Base.html
ExtUtils::Constant::Utils,-helperfunctionsforExtUtils::Constant,https://perldoc.perl.org/5.32.0/ExtUtils/Constant/Utils.html
ExtUtils::Constant::XS,-generateCcodeforXSmodules'constants.,https://perldoc.perl.org/5.32.0/ExtUtils/Constant/XS.html
ExtUtils::Embed,-UtilitiesforembeddingPerlinC/C++applications,https://perldoc.perl.org/5.32.0/ExtUtils/Embed.html
ExtUtils::Install,-installfilesfromheretothere,https://perldoc.perl.org/5.32.0/ExtUtils/Install.html
ExtUtils::Installed,-Inventorymanagementofinstalledmodules,https://perldoc.perl.org/5.32.0/ExtUtils/Installed.html
ExtUtils::Liblist,-determinelibrariestouseandhowtousethem,https://perldoc.perl.org/5.32.0/ExtUtils/Liblist.html
ExtUtils::MakeMaker,-CreateamoduleMakefile,https://perldoc.perl.org/5.32.0/ExtUtils/MakeMaker.html
ExtUtils::MakeMaker::Config,-WrapperaroundConfig.pm,https://perldoc.perl.org/5.32.0/ExtUtils/MakeMaker/Config.html
ExtUtils::MakeMaker::FAQ,-FrequentlyAskedQuestionsAboutMakeMaker,https://perldoc.perl.org/5.32.0/ExtUtils/MakeMaker/FAQ.html
ExtUtils::MakeMaker::Locale,-bundledEncode::Locale,https://perldoc.perl.org/5.32.0/ExtUtils/MakeMaker/Locale.html
ExtUtils::MakeMaker::Tutorial,-WritingamodulewithMakeMaker,https://perldoc.perl.org/5.32.0/ExtUtils/MakeMaker/Tutorial.html
ExtUtils::Manifest,-UtilitiestowriteandcheckaMANIFESTfile,https://perldoc.perl.org/5.32.0/ExtUtils/Manifest.html
ExtUtils::Miniperl,-writetheCcodeforminiperlmain.candperlmain.c,https://perldoc.perl.org/5.32.0/ExtUtils/Miniperl.html
ExtUtils::Mkbootstrap,-makeabootstrapfileforusebyDynaLoader,https://perldoc.perl.org/5.32.0/ExtUtils/Mkbootstrap.html
ExtUtils::Mksymlists,-writelinkeroptionsfilesfordynamicextension,https://perldoc.perl.org/5.32.0/ExtUtils/Mksymlists.html
ExtUtils::MM,-OSadjustedExtUtils::MakeMakersubclass,https://perldoc.perl.org/5.32.0/ExtUtils/MM.html
ExtUtils::MM_AIX,-AIXspecificsubclassofExtUtils::MM_Unix,https://perldoc.perl.org/5.32.0/ExtUtils/MM_AIX.html
ExtUtils::MM_Any,-Platform-agnosticMMmethods,https://perldoc.perl.org/5.32.0/ExtUtils/MM_Any.html
ExtUtils::MM_BeOS,-methodstooverrideUN*XbehaviourinExtUtils::MakeMaker,https://perldoc.perl.org/5.32.0/ExtUtils/MM_BeOS.html
ExtUtils::MM_Cygwin,-methodstooverrideUN*XbehaviourinExtUtils::MakeMaker,https://perldoc.perl.org/5.32.0/ExtUtils/MM_Cygwin.html
ExtUtils::MM_Darwin,-specialbehaviorsforOSX,https://perldoc.perl.org/5.32.0/ExtUtils/MM_Darwin.html
ExtUtils::MM_DOS,-DOSspecificsubclassofExtUtils::MM_Unix,https://perldoc.perl.org/5.32.0/ExtUtils/MM_DOS.html
ExtUtils::MM_MacOS,-onceproducedMakefilesforMacOSClassic,https://perldoc.perl.org/5.32.0/ExtUtils/MM_MacOS.html
ExtUtils::MM_NW5,-methodstooverrideUN*XbehaviourinExtUtils::MakeMaker,https://perldoc.perl.org/5.32.0/ExtUtils/MM_NW5.html
ExtUtils::MM_OS2,-methodstooverrideUN*XbehaviourinExtUtils::MakeMaker,https://perldoc.perl.org/5.32.0/ExtUtils/MM_OS2.html
ExtUtils::MM_QNX,-QNXspecificsubclassofExtUtils::MM_Unix,https://perldoc.perl.org/5.32.0/ExtUtils/MM_QNX.html
ExtUtils::MM_Unix,-methodsusedbyExtUtils::MakeMaker,https://perldoc.perl.org/5.32.0/ExtUtils/MM_Unix.html
ExtUtils::MM_UWIN,-U/WINspecificsubclassofExtUtils::MM_Unix,https://perldoc.perl.org/5.32.0/ExtUtils/MM_UWIN.html
ExtUtils::MM_VMS,-methodstooverrideUN*XbehaviourinExtUtils::MakeMaker,https://perldoc.perl.org/5.32.0/ExtUtils/MM_VMS.html
ExtUtils::MM_VOS,-VOSspecificsubclassofExtUtils::MM_Unix,https://perldoc.perl.org/5.32.0/ExtUtils/MM_VOS.html
ExtUtils::MM_Win32,-methodstooverrideUN*XbehaviourinExtUtils::MakeMaker,https://perldoc.perl.org/5.32.0/ExtUtils/MM_Win32.html
ExtUtils::MM_Win95,-methodtocustomizeMakeMakerforWin9X,https://perldoc.perl.org/5.32.0/ExtUtils/MM_Win95.html
ExtUtils::MY,-ExtUtils::MakeMakersubclassforcustomization,https://perldoc.perl.org/5.32.0/ExtUtils/MY.html
ExtUtils::Packlist,-manage.packlistfiles,https://perldoc.perl.org/5.32.0/ExtUtils/Packlist.html
ExtUtils::ParseXS,-convertsPerlXScodeintoCcode,https://perldoc.perl.org/5.32.0/ExtUtils/ParseXS.html
ExtUtils::ParseXS::Constants,-Initializationvaluesforsomeglobals,https://perldoc.perl.org/5.32.0/ExtUtils/ParseXS/Constants.html
ExtUtils::ParseXS::Eval,-Cleanpackagetoevaluatecodein,https://perldoc.perl.org/5.32.0/ExtUtils/ParseXS/Eval.html
ExtUtils::ParseXS::Utilities,-SubroutinesusedwithExtUtils::ParseXS,https://perldoc.perl.org/5.32.0/ExtUtils/ParseXS/Utilities.html
ExtUtils::testlib,-addblib/*directoriesto@INC,https://perldoc.perl.org/5.32.0/ExtUtils/testlib.html
ExtUtils::Typemaps,-Read/Write/ModifyPerl/XStypemapfiles,https://perldoc.perl.org/5.32.0/ExtUtils/Typemaps.html
ExtUtils::Typemaps::Cmd,-Quickcommandsforhandlingtypemaps,https://perldoc.perl.org/5.32.0/ExtUtils/Typemaps/Cmd.html
ExtUtils::Typemaps::InputMap,-EntryintheINPUTsectionofatypemap,https://perldoc.perl.org/5.32.0/ExtUtils/Typemaps/InputMap.html
ExtUtils::Typemaps::OutputMap,-EntryintheOUTPUTsectionofatypemap,https://perldoc.perl.org/5.32.0/ExtUtils/Typemaps/OutputMap.html
ExtUtils::Typemaps::Type,-EntryintheTYPEMAPsectionofatypemap,https://perldoc.perl.org/5.32.0/ExtUtils/Typemaps/Type.html
ExtUtils::XSSymSet,-keepsetsofsymbolnamespalatabletotheVMSlinker,https://perldoc.perl.org/5.32.0/ExtUtils/XSSymSet.html
Fatal,-Replacefunctionswithequivalentswhichsucceedordie,https://perldoc.perl.org/5.32.0/Fatal.html
Fcntl,-loadtheCFcntl.hdefines,https://perldoc.perl.org/5.32.0/Fcntl.html
File::Basename,"-Parsefilepathsintodirectory,filenameandsuffix.",https://perldoc.perl.org/5.32.0/File/Basename.html
File::Compare,-Comparefilesorfilehandles,https://perldoc.perl.org/5.32.0/File/Compare.html
File::Copy,-Copyfilesorfilehandles,https://perldoc.perl.org/5.32.0/File/Copy.html
File::DosGlob,-DOSlikeglobbingandthensome,https://perldoc.perl.org/5.32.0/File/DosGlob.html
File::Fetch,-Agenericfilefetchingmechanism,https://perldoc.perl.org/5.32.0/File/Fetch.html
File::Find,-Traverseadirectorytree.,https://perldoc.perl.org/5.32.0/File/Find.html
File::Glob,-PerlextensionforBSDglobroutine,https://perldoc.perl.org/5.32.0/File/Glob.html
File::GlobMapper,-ExtendFileGlobtoAllowInputandOutputFiles,https://perldoc.perl.org/5.32.0/File/GlobMapper.html
File::Path,-Createorremovedirectorytrees,https://perldoc.perl.org/5.32.0/File/Path.html
File::Spec,-portablyperformoperationsonfilenames,https://perldoc.perl.org/5.32.0/File/Spec.html
File::Spec::AmigaOS,-File::SpecforAmigaOS,https://perldoc.perl.org/5.32.0/File/Spec/AmigaOS.html
File::Spec::Cygwin,-methodsforCygwinfilespecs,https://perldoc.perl.org/5.32.0/File/Spec/Cygwin.html
File::Spec::Epoc,-methodsforEpocfilespecs,https://perldoc.perl.org/5.32.0/File/Spec/Epoc.html
File::Spec::Functions,-portablyperformoperationsonfilenames,https://perldoc.perl.org/5.32.0/File/Spec/Functions.html
File::Spec::Mac,-File::SpecforMacOS(Classic),https://perldoc.perl.org/5.32.0/File/Spec/Mac.html
File::Spec::OS2,-methodsforOS/2filespecs,https://perldoc.perl.org/5.32.0/File/Spec/OS2.html
File::Spec::Unix,"-File::SpecforUnix,baseforotherFile::Specmodules",https://perldoc.perl.org/5.32.0/File/Spec/Unix.html
File::Spec::VMS,-methodsforVMSfilespecs,https://perldoc.perl.org/5.32.0/File/Spec/VMS.html
File::Spec::Win32,-methodsforWin32filespecs,https://perldoc.perl.org/5.32.0/File/Spec/Win32.html
File::stat,-by-nameinterfacetoPerl'sbuilt-instat()functions,https://perldoc.perl.org/5.32.0/File/stat.html
File::Temp,-returnnameandhandleofatemporaryfilesafely,https://perldoc.perl.org/5.32.0/File/Temp.html
FileCache,-keepmorefilesopenthanthesystempermits,https://perldoc.perl.org/5.32.0/FileCache.html
FileHandle,-supplyobjectmethodsforfilehandles,https://perldoc.perl.org/5.32.0/FileHandle.html
Filter::Simple,-Simplifiedsourcefiltering,https://perldoc.perl.org/5.32.0/Filter/Simple.html
Filter::Util::Call,-PerlSourceFilterUtilityModule,https://perldoc.perl.org/5.32.0/Filter/Util/Call.html
FindBin,-Locatedirectoryoforiginalperlscript,https://perldoc.perl.org/5.32.0/FindBin.html
Getopt::Long,-Extendedprocessingofcommandlineoptions,https://perldoc.perl.org/5.32.0/Getopt/Long.html
Getopt::Std,-Processsingle-characterswitcheswithswitchclustering,https://perldoc.perl.org/5.32.0/Getopt/Std.html
Hash::Util,-Aselectionofgeneral-utilityhashsubroutines,https://perldoc.perl.org/5.32.0/Hash/Util.html
Hash::Util::FieldHash,-SupportforInside-OutClasses,https://perldoc.perl.org/5.32.0/Hash/Util/FieldHash.html
HTTP::Tiny,"-Asmall,simple,correctHTTP/1.1client",https://perldoc.perl.org/5.32.0/HTTP/Tiny.html
I18N::Collate,-compare8-bitscalardataaccordingtothecurrentlocale,https://perldoc.perl.org/5.32.0/I18N/Collate.html
I18N::Langinfo,-querylocaleinformation,https://perldoc.perl.org/5.32.0/I18N/Langinfo.html
I18N::LangTags,-functionsfordealingwithRFC3066-stylelanguagetags,https://perldoc.perl.org/5.32.0/I18N/LangTags.html
I18N::LangTags::Detect,-detecttheuser'slanguagepreferences,https://perldoc.perl.org/5.32.0/I18N/LangTags/Detect.html
I18N::LangTags::List,-tagsandnamesforhumanlanguages,https://perldoc.perl.org/5.32.0/I18N/LangTags/List.html
IO,-loadvariousIOmodules,https://perldoc.perl.org/5.32.0/IO.html
IO::Compress::Base,-BaseClassforIO::Compressmodules,https://perldoc.perl.org/5.32.0/IO/Compress/Base.html
IO::Compress::Bzip2,-Writebzip2files/buffers,https://perldoc.perl.org/5.32.0/IO/Compress/Bzip2.html
IO::Compress::Deflate,-WriteRFC1950files/buffers,https://perldoc.perl.org/5.32.0/IO/Compress/Deflate.html
IO::Compress::Gzip,-WriteRFC1952files/buffers,https://perldoc.perl.org/5.32.0/IO/Compress/Gzip.html
IO::Compress::RawDeflate,-WriteRFC1951files/buffers,https://perldoc.perl.org/5.32.0/IO/Compress/RawDeflate.html
IO::Compress::Zip,-Writezipfiles/buffers,https://perldoc.perl.org/5.32.0/IO/Compress/Zip.html
IO::Dir,-supplyobjectmethodsfordirectoryhandles,https://perldoc.perl.org/5.32.0/IO/Dir.html
IO::File,-supplyobjectmethodsforfilehandles,https://perldoc.perl.org/5.32.0/IO/File.html
IO::Handle,-supplyobjectmethodsforI/Ohandles,https://perldoc.perl.org/5.32.0/IO/Handle.html
IO::Pipe,-supplyobjectmethodsforpipes,https://perldoc.perl.org/5.32.0/IO/Pipe.html
IO::Poll,-Objectinterfacetosystempollcall,https://perldoc.perl.org/5.32.0/IO/Poll.html
IO::Seekable,-supplyseekbasedmethodsforI/Oobjects,https://perldoc.perl.org/5.32.0/IO/Seekable.html
IO::Select,-OOinterfacetotheselectsystemcall,https://perldoc.perl.org/5.32.0/IO/Select.html
IO::Socket,-Objectinterfacetosocketcommunications,https://perldoc.perl.org/5.32.0/IO/Socket.html
IO::Socket::INET,-ObjectinterfaceforAF_INETdomainsockets,https://perldoc.perl.org/5.32.0/IO/Socket/INET.html
IO::Socket::IP,-Family-neutralIPsocketsupportingbothIPv4andIPv6,https://perldoc.perl.org/5.32.0/IO/Socket/IP.html
IO::Socket::UNIX,-ObjectinterfaceforAF_UNIXdomainsockets,https://perldoc.perl.org/5.32.0/IO/Socket/UNIX.html
IO::Uncompress::AnyInflate,"-Uncompresszlib-based(zip,gzip)file/buffer",https://perldoc.perl.org/5.32.0/IO/Uncompress/AnyInflate.html
IO::Uncompress::AnyUncompress,"-Uncompressgzip,zip,bzip2,xz,lzma,lzip,lzforlzopfile/buffer",https://perldoc.perl.org/5.32.0/IO/Uncompress/AnyUncompress.html
IO::Uncompress::Base,-BaseClassforIO::Uncompressmodules,https://perldoc.perl.org/5.32.0/IO/Uncompress/Base.html
IO::Uncompress::Bunzip2,-Readbzip2files/buffers,https://perldoc.perl.org/5.32.0/IO/Uncompress/Bunzip2.html
IO::Uncompress::Gunzip,-ReadRFC1952files/buffers,https://perldoc.perl.org/5.32.0/IO/Uncompress/Gunzip.html
IO::Uncompress::Inflate,-ReadRFC1950files/buffers,https://perldoc.perl.org/5.32.0/IO/Uncompress/Inflate.html
IO::Uncompress::RawInflate,-ReadRFC1951files/buffers,https://perldoc.perl.org/5.32.0/IO/Uncompress/RawInflate.html
IO::Uncompress::Unzip,-Readzipfiles/buffers,https://perldoc.perl.org/5.32.0/IO/Uncompress/Unzip.html
IO::Zlib,-IO::styleinterfacetoCompress::Zlib,https://perldoc.perl.org/5.32.0/IO/Zlib.html
IPC::Cmd,-findingandrunningsystemcommandsmadeeasy,https://perldoc.perl.org/5.32.0/IPC/Cmd.html
IPC::Msg,-SysVMsgIPCobjectclass,https://perldoc.perl.org/5.32.0/IPC/Msg.html
IPC::Open2,-openaprocessforbothreadingandwritingusingopen2(),https://perldoc.perl.org/5.32.0/IPC/Open2.html
IPC::Open3,"-openaprocessforreading,writing,anderrorhandlingusingopen3()",https://perldoc.perl.org/5.32.0/IPC/Open3.html
IPC::Semaphore,-SysVSemaphoreIPCobjectclass,https://perldoc.perl.org/5.32.0/IPC/Semaphore.html
IPC::SharedMem,-SysVSharedMemoryIPCobjectclass,https://perldoc.perl.org/5.32.0/IPC/SharedMem.html
IPC::SysV,-SystemVIPCconstantsandsystemcalls,https://perldoc.perl.org/5.32.0/IPC/SysV.html
JSON::PP,-JSON::XScompatiblepure-Perlmodule.,https://perldoc.perl.org/5.32.0/JSON/PP.html
JSON::PP::Boolean,-dummymoduleprovidingJSON::PP::Boolean,https://perldoc.perl.org/5.32.0/JSON/PP/Boolean.html
List::Util,-Aselectionofgeneral-utilitylistsubroutines,https://perldoc.perl.org/5.32.0/List/Util.html
List::Util::XS,-IndicateifList::UtilwascompiledwithaCcompiler,https://perldoc.perl.org/5.32.0/List/Util/XS.html
Locale::Maketext,-frameworkforlocalization,https://perldoc.perl.org/5.32.0/Locale/Maketext.html
Locale::Maketext::Guts,-DeprecatedmoduletoloadLocale::Maketextutf8code,https://perldoc.perl.org/5.32.0/Locale/Maketext/Guts.html
Locale::Maketext::GutsLoader,-DeprecatedmoduletoloadLocale::Maketextutf8code,https://perldoc.perl.org/5.32.0/Locale/Maketext/GutsLoader.html
Locale::Maketext::Simple,-SimpleinterfacetoLocale::Maketext::Lexicon,https://perldoc.perl.org/5.32.0/Locale/Maketext/Simple.html
Math::BigFloat,-Arbitrarysizefloatingpointmathpackage,https://perldoc.perl.org/5.32.0/Math/BigFloat.html
Math::BigInt,-Arbitrarysizeinteger/floatmathpackage,https://perldoc.perl.org/5.32.0/Math/BigInt.html
Math::BigInt::Calc,-PurePerlmoduletosupportMath::BigInt,https://perldoc.perl.org/5.32.0/Math/BigInt/Calc.html
Math::BigInt::FastCalc,-Math::BigInt::CalcwithsomeXSformorespeed,https://perldoc.perl.org/5.32.0/Math/BigInt/FastCalc.html
Math::BigInt::Lib,-virtualparentclassforMath::BigIntlibraries,https://perldoc.perl.org/5.32.0/Math/BigInt/Lib.html
Math::BigRat,-Arbitrarybigrationalnumbers,https://perldoc.perl.org/5.32.0/Math/BigRat.html
Math::Complex,-complexnumbersandassociatedmathematicalfunctions,https://perldoc.perl.org/5.32.0/Math/Complex.html
Math::Trig,-trigonometricfunctions,https://perldoc.perl.org/5.32.0/Math/Trig.html
Memoize,-Makefunctionsfasterbytradingspacefortime,https://perldoc.perl.org/5.32.0/Memoize.html
Memoize::AnyDBM_File,-gluetoprovideEXISTSforAnyDBM_FileforStorableuse,https://perldoc.perl.org/5.32.0/Memoize/AnyDBM_File.html
Memoize::Expire,-Plug-inmoduleforautomaticexpirationofmemoizedvalues,https://perldoc.perl.org/5.32.0/Memoize/Expire.html
Memoize::ExpireFile,-testforMemoizeexpirationsemantics,https://perldoc.perl.org/5.32.0/Memoize/ExpireFile.html
Memoize::ExpireTest,-testforMemoizeexpirationsemantics,https://perldoc.perl.org/5.32.0/Memoize/ExpireTest.html
Memoize::NDBM_File,-gluetoprovideEXISTSforNDBM_FileforStorableuse,https://perldoc.perl.org/5.32.0/Memoize/NDBM_File.html
Memoize::SDBM_File,-gluetoprovideEXISTSforSDBM_FileforStorableuse,https://perldoc.perl.org/5.32.0/Memoize/SDBM_File.html
Memoize::Storable,-storeMemoizeddatainStorabledatabase,https://perldoc.perl.org/5.32.0/Memoize/Storable.html
MIME::Base64,-Encodinganddecodingofbase64strings,https://perldoc.perl.org/5.32.0/MIME/Base64.html
MIME::QuotedPrint,-Encodinganddecodingofquoted-printablestrings,https://perldoc.perl.org/5.32.0/MIME/QuotedPrint.html
Module::CoreList,-whatmodulesshippedwithversionsofperl,https://perldoc.perl.org/5.32.0/Module/CoreList.html
Module::CoreList::Utils,-whatutilitiesshippedwithversionsofperl,https://perldoc.perl.org/5.32.0/Module/CoreList/Utils.html
Module::Load,-runtimerequireofbothmodulesandfiles,https://perldoc.perl.org/5.32.0/Module/Load.html
Module::Load::Conditional,-Lookingupmoduleinformation/loadingatruntime,https://perldoc.perl.org/5.32.0/Module/Load/Conditional.html
Module::Loaded,-markmodulesasloadedorunloaded,https://perldoc.perl.org/5.32.0/Module/Loaded.html
Module::Metadata,-GatherpackageandPODinformationfromperlmodulefiles,https://perldoc.perl.org/5.32.0/Module/Metadata.html
Net::Cmd,"-NetworkCommandclass(asusedbyFTP,SMTPetc)",https://perldoc.perl.org/5.32.0/Net/Cmd.html
Net::Config,-Localconfigurationdataforlibnet,https://perldoc.perl.org/5.32.0/Net/Config.html
Net::Domain,-Attempttoevaluatethecurrenthost'sinternetnameanddomain,https://perldoc.perl.org/5.32.0/Net/Domain.html
Net::FTP,-FTPClientclass,https://perldoc.perl.org/5.32.0/Net/FTP.html
Net::FTP::dataconn,-FTPClientdataconnectionclass,https://perldoc.perl.org/5.32.0/Net/FTP/dataconn.html
Net::hostent,-by-nameinterfacetoPerl'sbuilt-ingethost*()functions,https://perldoc.perl.org/5.32.0/Net/hostent.html
Net::netent,-by-nameinterfacetoPerl'sbuilt-ingetnet*()functions,https://perldoc.perl.org/5.32.0/Net/netent.html
Net::Netrc,-OOinterfacetousersnetrcfile,https://perldoc.perl.org/5.32.0/Net/Netrc.html
Net::NNTP,-NNTPClientclass,https://perldoc.perl.org/5.32.0/Net/NNTP.html
Net::Ping,-checkaremotehostforreachability,https://perldoc.perl.org/5.32.0/Net/Ping.html
Net::POP3,-PostOfficeProtocol3Clientclass(RFC1939),https://perldoc.perl.org/5.32.0/Net/POP3.html
Net::protoent,-by-nameinterfacetoPerl'sbuilt-ingetproto*()functions,https://perldoc.perl.org/5.32.0/Net/protoent.html
Net::servent,-by-nameinterfacetoPerl'sbuilt-ingetserv*()functions,https://perldoc.perl.org/5.32.0/Net/servent.html
Net::SMTP,-SimpleMailTransferProtocolClient,https://perldoc.perl.org/5.32.0/Net/SMTP.html
Net::Time,-timeanddaytimenetworkclientinterface,https://perldoc.perl.org/5.32.0/Net/Time.html
NEXT,-Provideapseudo-classNEXT(etal)thatallowsmethodredispatch,https://perldoc.perl.org/5.32.0/NEXT.html
O,-GenericinterfacetoPerlCompilerbackends,https://perldoc.perl.org/5.32.0/O.html
Opcode,-Disablenamedopcodeswhencompilingperlcode,https://perldoc.perl.org/5.32.0/Opcode.html
Params::Check,-Agenericinputparsing/checkingmechanism.,https://perldoc.perl.org/5.32.0/Params/Check.html
Parse::CPAN::Meta,-ParseMETA.ymlandMETA.jsonCPANmetadatafiles,https://perldoc.perl.org/5.32.0/Parse/CPAN/Meta.html
Perl::OSType,-MapPerloperatingsystemnamestogenerictypes,https://perldoc.perl.org/5.32.0/Perl/OSType.html
PerlIO,-OndemandloaderforPerlIOlayersandrootofPerlIO::*namespace,https://perldoc.perl.org/5.32.0/PerlIO.html
PerlIO::encoding,-encodinglayer,https://perldoc.perl.org/5.32.0/PerlIO/encoding.html
PerlIO::mmap,-MemorymappedIO,https://perldoc.perl.org/5.32.0/PerlIO/mmap.html
PerlIO::scalar,"-in-memoryIO,scalarIO",https://perldoc.perl.org/5.32.0/PerlIO/scalar.html
PerlIO::via,-HelperclassforPerlIOlayersimplementedinperl,https://perldoc.perl.org/5.32.0/PerlIO/via.html
PerlIO::via::QuotedPrint,-PerlIOlayerforquoted-printablestrings,https://perldoc.perl.org/5.32.0/PerlIO/via/QuotedPrint.html
Pod::Checker,-checkpoddocumentsforsyntaxerrors,https://perldoc.perl.org/5.32.0/Pod/Checker.html
Pod::Escapes,-forresolvingPodE<...>sequences,https://perldoc.perl.org/5.32.0/Pod/Escapes.html
Pod::Functions,-GroupPerl'sfunctionsalaperlfunc.pod,https://perldoc.perl.org/5.32.0/Pod/Functions.html
Pod::Html,-moduletoconvertpodfilestoHTML,https://perldoc.perl.org/5.32.0/Pod/Html.html
Pod::Man,-ConvertPODdatatoformatted*roffinput,https://perldoc.perl.org/5.32.0/Pod/Man.html
Pod::ParseLink,-ParseanL<>formattingcodeinPODtext,https://perldoc.perl.org/5.32.0/Pod/ParseLink.html
Pod::Perldoc,-LookupPerldocumentationinPodformat.,https://perldoc.perl.org/5.32.0/Pod/Perldoc.html
Pod::Perldoc::BaseTo,-BaseforPod::Perldocformatters,https://perldoc.perl.org/5.32.0/Pod/Perldoc/BaseTo.html
Pod::Perldoc::GetOptsOO,-CustomizedoptionparserforPod::Perldoc,https://perldoc.perl.org/5.32.0/Pod/Perldoc/GetOptsOO.html
Pod::Perldoc::ToANSI,-renderPodwithANSIcolorescapes,https://perldoc.perl.org/5.32.0/Pod/Perldoc/ToANSI.html
Pod::Perldoc::ToChecker,-letPerldoccheckPodforerrors,https://perldoc.perl.org/5.32.0/Pod/Perldoc/ToChecker.html
Pod::Perldoc::ToMan,-letPerldocrenderPodasmanpages,https://perldoc.perl.org/5.32.0/Pod/Perldoc/ToMan.html
Pod::Perldoc::ToNroff,-letPerldocconvertPodtonroff,https://perldoc.perl.org/5.32.0/Pod/Perldoc/ToNroff.html
Pod::Perldoc::ToPod,-letPerldocrenderPodas...Pod!,https://perldoc.perl.org/5.32.0/Pod/Perldoc/ToPod.html
Pod::Perldoc::ToRtf,-letPerldocrenderPodasRTF,https://perldoc.perl.org/5.32.0/Pod/Perldoc/ToRtf.html
Pod::Perldoc::ToTerm,-renderPodwithterminalescapes,https://perldoc.perl.org/5.32.0/Pod/Perldoc/ToTerm.html
Pod::Perldoc::ToText,-letPerldocrenderPodasplaintext,https://perldoc.perl.org/5.32.0/Pod/Perldoc/ToText.html
Pod::Perldoc::ToTk,-letPerldocuseTk::PodtorenderPod,https://perldoc.perl.org/5.32.0/Pod/Perldoc/ToTk.html
Pod::Perldoc::ToXml,-letPerldocrenderPodasXML,https://perldoc.perl.org/5.32.0/Pod/Perldoc/ToXml.html
Pod::Simple,-frameworkforparsingPod,https://perldoc.perl.org/5.32.0/Pod/Simple.html
Pod::Simple::Checker,-checkthePodsyntaxofadocument,https://perldoc.perl.org/5.32.0/Pod/Simple/Checker.html
Pod::Simple::Debug,-putPod::Simpleintotrace/debugmode,https://perldoc.perl.org/5.32.0/Pod/Simple/Debug.html
Pod::Simple::DumpAsText,-dumpPod-parsingeventsastext,https://perldoc.perl.org/5.32.0/Pod/Simple/DumpAsText.html
Pod::Simple::DumpAsXML,-turnPodintoXML,https://perldoc.perl.org/5.32.0/Pod/Simple/DumpAsXML.html
Pod::Simple::HTML,-convertPodtoHTML,https://perldoc.perl.org/5.32.0/Pod/Simple/HTML.html
Pod::Simple::HTMLBatch,-convertseveralPodfilestoseveralHTMLfiles,https://perldoc.perl.org/5.32.0/Pod/Simple/HTMLBatch.html
Pod::Simple::LinkSection,"-represent""section""attributesofLcodes",https://perldoc.perl.org/5.32.0/Pod/Simple/LinkSection.html
Pod::Simple::Methody,-turnPod::Simpleeventsintomethodcalls,https://perldoc.perl.org/5.32.0/Pod/Simple/Methody.html
Pod::Simple::PullParser,-apull-parserinterfacetoparsingPod,https://perldoc.perl.org/5.32.0/Pod/Simple/PullParser.html
Pod::Simple::PullParserEndToken,-end-tokensfromPod::Simple::PullParser,https://perldoc.perl.org/5.32.0/Pod/Simple/PullParserEndToken.html
Pod::Simple::PullParserStartToken,-start-tokensfromPod::Simple::PullParser,https://perldoc.perl.org/5.32.0/Pod/Simple/PullParserStartToken.html
Pod::Simple::PullParserTextToken,-text-tokensfromPod::Simple::PullParser,https://perldoc.perl.org/5.32.0/Pod/Simple/PullParserTextToken.html
Pod::Simple::PullParserToken,-tokensfromPod::Simple::PullParser,https://perldoc.perl.org/5.32.0/Pod/Simple/PullParserToken.html
Pod::Simple::RTF,-formatPodasRTF,https://perldoc.perl.org/5.32.0/Pod/Simple/RTF.html
Pod::Simple::Search,-findPODdocumentsindirectorytrees,https://perldoc.perl.org/5.32.0/Pod/Simple/Search.html
Pod::Simple::SimpleTree,-parsePodintoasimpleparsetree,https://perldoc.perl.org/5.32.0/Pod/Simple/SimpleTree.html
Pod::Simple::Text,-formatPodasplaintext,https://perldoc.perl.org/5.32.0/Pod/Simple/Text.html
Pod::Simple::TextContent,-getthetextcontentofPod,https://perldoc.perl.org/5.32.0/Pod/Simple/TextContent.html
Pod::Simple::XHTML,-formatPodasvalidatingXHTML,https://perldoc.perl.org/5.32.0/Pod/Simple/XHTML.html
Pod::Simple::XMLOutStream,-turnPodintoXML,https://perldoc.perl.org/5.32.0/Pod/Simple/XMLOutStream.html
Pod::Text,-ConvertPODdatatoformattedtext,https://perldoc.perl.org/5.32.0/Pod/Text.html
Pod::Text::Color,-ConvertPODdatatoformattedcolorASCIItext,https://perldoc.perl.org/5.32.0/Pod/Text/Color.html
Pod::Text::Overstrike,-ConvertPODdatatoformattedoverstriketext,https://perldoc.perl.org/5.32.0/Pod/Text/Overstrike.html
Pod::Text::Termcap,-ConvertPODdatatoASCIItextwithformatescapes,https://perldoc.perl.org/5.32.0/Pod/Text/Termcap.html
Pod::Usage,-printausagemessagefromembeddedpoddocumentation,https://perldoc.perl.org/5.32.0/Pod/Usage.html
POSIX,-PerlinterfacetoIEEEStd1003.1,https://perldoc.perl.org/5.32.0/POSIX.html
Safe,-Compileandexecutecodeinrestrictedcompartments,https://perldoc.perl.org/5.32.0/Safe.html
Scalar::Util,-Aselectionofgeneral-utilityscalarsubroutines,https://perldoc.perl.org/5.32.0/Scalar/Util.html
SDBM_File,-Tiedaccesstosdbmfiles,https://perldoc.perl.org/5.32.0/SDBM_File.html
Search::Dict,-look-searchforkeyindictionaryfile,https://perldoc.perl.org/5.32.0/Search/Dict.html
SelectSaver,-saveandrestoreselectedfilehandle,https://perldoc.perl.org/5.32.0/SelectSaver.html
SelfLoader,-loadfunctionsonlyondemand,https://perldoc.perl.org/5.32.0/SelfLoader.html
Socket,-networkingconstantsandsupportfunctions,https://perldoc.perl.org/5.32.0/Socket.html
Storable,-persistenceforPerldatastructures,https://perldoc.perl.org/5.32.0/Storable.html
Sub::Util,-AselectionofutilitysubroutinesforsubsandCODEreferences,https://perldoc.perl.org/5.32.0/Sub/Util.html
Symbol,-manipulatePerlsymbolsandtheirnames,https://perldoc.perl.org/5.32.0/Symbol.html
Sys::Hostname,-Tryeveryconceivablewaytogethostname,https://perldoc.perl.org/5.32.0/Sys/Hostname.html
Sys::Syslog,-PerlinterfacetotheUNIXsyslog(3)calls,https://perldoc.perl.org/5.32.0/Sys/Syslog.html
TAP::Base,-BaseclassthatprovidescommonfunctionalitytoTAP::ParserandTAP::Harness,https://perldoc.perl.org/5.32.0/TAP/Base.html
TAP::Formatter::Base,-Baseclassforharnessoutputdelegates,https://perldoc.perl.org/5.32.0/TAP/Formatter/Base.html
TAP::Formatter::Color,-RunPerltestscriptswithcolor,https://perldoc.perl.org/5.32.0/TAP/Formatter/Color.html
TAP::Formatter::Console,-Harnessoutputdelegatefordefaultconsoleoutput,https://perldoc.perl.org/5.32.0/TAP/Formatter/Console.html
TAP::Formatter::Console::ParallelSession,-Harnessoutputdelegateforparallelconsoleoutput,https://perldoc.perl.org/5.32.0/TAP/Formatter/Console/ParallelSession.html
TAP::Formatter::Console::Session,-Harnessoutputdelegatefordefaultconsoleoutput,https://perldoc.perl.org/5.32.0/TAP/Formatter/Console/Session.html
TAP::Formatter::File,-Harnessoutputdelegateforfileoutput,https://perldoc.perl.org/5.32.0/TAP/Formatter/File.html
TAP::Formatter::File::Session,-Harnessoutputdelegateforfileoutput,https://perldoc.perl.org/5.32.0/TAP/Formatter/File/Session.html
TAP::Formatter::Session,-Abstractbaseclassforharnessoutputdelegate,https://perldoc.perl.org/5.32.0/TAP/Formatter/Session.html
TAP::Harness,-Runtestscriptswithstatistics,https://perldoc.perl.org/5.32.0/TAP/Harness.html
TAP::Harness::Env,-Parsingharnessrelatedenvironmentalvariableswhereappropriate,https://perldoc.perl.org/5.32.0/TAP/Harness/Env.html
TAP::Object,-BaseclassthatprovidescommonfunctionalitytoallTAP::*modules,https://perldoc.perl.org/5.32.0/TAP/Object.html
TAP::Parser,-ParseTAP|Test::Harness::TAPoutput,https://perldoc.perl.org/5.32.0/TAP/Parser.html
TAP::Parser::Aggregator,-AggregateTAP::Parserresults,https://perldoc.perl.org/5.32.0/TAP/Parser/Aggregator.html
TAP::Parser::Grammar,-AgrammarfortheTestAnythingProtocol.,https://perldoc.perl.org/5.32.0/TAP/Parser/Grammar.html
TAP::Parser::Iterator,-BaseclassforTAPsourceiterators,https://perldoc.perl.org/5.32.0/TAP/Parser/Iterator.html
TAP::Parser::Iterator::Array,-Iteratorforarray-basedTAPsources,https://perldoc.perl.org/5.32.0/TAP/Parser/Iterator/Array.html
TAP::Parser::Iterator::Process,-Iteratorforprocess-basedTAPsources,https://perldoc.perl.org/5.32.0/TAP/Parser/Iterator/Process.html
TAP::Parser::Iterator::Stream,-Iteratorforfilehandle-basedTAPsources,https://perldoc.perl.org/5.32.0/TAP/Parser/Iterator/Stream.html
TAP::Parser::IteratorFactory,-FiguresoutwhichSourceHandlerobjectstouseforagivenSource,https://perldoc.perl.org/5.32.0/TAP/Parser/IteratorFactory.html
TAP::Parser::Multiplexer,-MultiplexmultipleTAP::Parsers,https://perldoc.perl.org/5.32.0/TAP/Parser/Multiplexer.html
TAP::Parser::Result,-BaseclassforTAP::Parseroutputobjects,https://perldoc.perl.org/5.32.0/TAP/Parser/Result.html
TAP::Parser::Result::Bailout,-Bailoutresulttoken.,https://perldoc.perl.org/5.32.0/TAP/Parser/Result/Bailout.html
TAP::Parser::Result::Comment,-Commentresulttoken.,https://perldoc.perl.org/5.32.0/TAP/Parser/Result/Comment.html
TAP::Parser::Result::Plan,-Planresulttoken.,https://perldoc.perl.org/5.32.0/TAP/Parser/Result/Plan.html
TAP::Parser::Result::Pragma,-TAPpragmatoken.,https://perldoc.perl.org/5.32.0/TAP/Parser/Result/Pragma.html
TAP::Parser::Result::Test,-Testresulttoken.,https://perldoc.perl.org/5.32.0/TAP/Parser/Result/Test.html
TAP::Parser::Result::Unknown,-Unknownresulttoken.,https://perldoc.perl.org/5.32.0/TAP/Parser/Result/Unknown.html
TAP::Parser::Result::Version,-TAPsyntaxversiontoken.,https://perldoc.perl.org/5.32.0/TAP/Parser/Result/Version.html
TAP::Parser::Result::YAML,-YAMLresulttoken.,https://perldoc.perl.org/5.32.0/TAP/Parser/Result/YAML.html
TAP::Parser::ResultFactory,-FactoryforcreatingTAP::Parseroutputobjects,https://perldoc.perl.org/5.32.0/TAP/Parser/ResultFactory.html
TAP::Parser::Scheduler,-Scheduletestsduringparalleltesting,https://perldoc.perl.org/5.32.0/TAP/Parser/Scheduler.html
TAP::Parser::Scheduler::Job,-Asingletestingjob.,https://perldoc.perl.org/5.32.0/TAP/Parser/Scheduler/Job.html
TAP::Parser::Scheduler::Spinner,-Ano-opjob.,https://perldoc.perl.org/5.32.0/TAP/Parser/Scheduler/Spinner.html
TAP::Parser::Source,-aTAPsource&metadataaboutit,https://perldoc.perl.org/5.32.0/TAP/Parser/Source.html
TAP::Parser::SourceHandler,-BaseclassfordifferentTAPsourcehandlers,https://perldoc.perl.org/5.32.0/TAP/Parser/SourceHandler.html
TAP::Parser::SourceHandler::Executable,-StreamoutputfromanexecutableTAPsource,https://perldoc.perl.org/5.32.0/TAP/Parser/SourceHandler/Executable.html
TAP::Parser::SourceHandler::File,-StreamTAPfromatextfile.,https://perldoc.perl.org/5.32.0/TAP/Parser/SourceHandler/File.html
TAP::Parser::SourceHandler::Handle,-StreamTAPfromanIO::HandleoraGLOB.,https://perldoc.perl.org/5.32.0/TAP/Parser/SourceHandler/Handle.html
TAP::Parser::SourceHandler::Perl,-StreamTAPfromaPerlexecutable,https://perldoc.perl.org/5.32.0/TAP/Parser/SourceHandler/Perl.html
TAP::Parser::SourceHandler::RawTAP,-StreamoutputfromrawTAPinascalar/arrayref.,https://perldoc.perl.org/5.32.0/TAP/Parser/SourceHandler/RawTAP.html
TAP::Parser::YAMLish::Reader,-ReadYAMLishdatafromiterator,https://perldoc.perl.org/5.32.0/TAP/Parser/YAMLish/Reader.html
TAP::Parser::YAMLish::Writer,-WriteYAMLishdata,https://perldoc.perl.org/5.32.0/TAP/Parser/YAMLish/Writer.html
Term::ANSIColor,-ColorscreenoutputusingANSIescapesequences,https://perldoc.perl.org/5.32.0/Term/ANSIColor.html
Term::Cap,-Perltermcapinterface,https://perldoc.perl.org/5.32.0/Term/Cap.html
Term::Complete,-Perlwordcompletionmodule,https://perldoc.perl.org/5.32.0/Term/Complete.html
Term::ReadLine,"-Perlinterfacetovariousreadlinepackages.Ifnorealpackageisfound,substitutesstubsinsteadofbasicfunctions.",https://perldoc.perl.org/5.32.0/Term/ReadLine.html
Test,-providesasimpleframeworkforwritingtestscripts,https://perldoc.perl.org/5.32.0/Test.html
Test2,-Frameworkforwritingtesttoolsthatallworktogether.,https://perldoc.perl.org/5.32.0/Test2.html
Test2::API,-PrimaryinterfaceforwritingTest2basedtestingtools.,https://perldoc.perl.org/5.32.0/Test2/API.html
Test2::API::Breakage,-Whatbreaksatwhatversion,https://perldoc.perl.org/5.32.0/Test2/API/Breakage.html
Test2::API::Context,-Objecttorepresentatestingcontext.,https://perldoc.perl.org/5.32.0/Test2/API/Context.html
Test2::API::Instance,-ObjectusedbyTest2::APIunderthehood,https://perldoc.perl.org/5.32.0/Test2/API/Instance.html
Test2::API::Stack,-ObjecttomanageastackofTest2::Hubinstances.,https://perldoc.perl.org/5.32.0/Test2/API/Stack.html
Test2::Event,-Baseclassforevents,https://perldoc.perl.org/5.32.0/Test2/Event.html
Test2::Event::Bail,-Bailout!,https://perldoc.perl.org/5.32.0/Test2/Event/Bail.html
Test2::Event::Diag,-Diageventtype,https://perldoc.perl.org/5.32.0/Test2/Event/Diag.html
Test2::Event::Encoding,-Settheencodingfortheoutputstream,https://perldoc.perl.org/5.32.0/Test2/Event/Encoding.html
Test2::Event::Exception,-Exceptionevent,https://perldoc.perl.org/5.32.0/Test2/Event/Exception.html
Test2::Event::Fail,-Eventforasimplefailedassertion,https://perldoc.perl.org/5.32.0/Test2/Event/Fail.html
Test2::Event::Generic,-Genericeventtype.,https://perldoc.perl.org/5.32.0/Test2/Event/Generic.html
Test2::Event::Note,-Noteeventtype,https://perldoc.perl.org/5.32.0/Test2/Event/Note.html
Test2::Event::Ok,-Okeventtype,https://perldoc.perl.org/5.32.0/Test2/Event/Ok.html
Test2::Event::Pass,-Eventforasimplepassingassertion,https://perldoc.perl.org/5.32.0/Test2/Event/Pass.html
Test2::Event::Plan,-Theeventofaplan,https://perldoc.perl.org/5.32.0/Test2/Event/Plan.html
Test2::Event::Skip,-Skipeventtype,https://perldoc.perl.org/5.32.0/Test2/Event/Skip.html
Test2::Event::Subtest,-Eventforsubtesttypes,https://perldoc.perl.org/5.32.0/Test2/Event/Subtest.html
Test2::Event::TAP::Version,-EventforTAPversion.,https://perldoc.perl.org/5.32.0/Test2/Event/TAP/Version.html
Test2::Event::V2,-Secondgenerationevent.,https://perldoc.perl.org/5.32.0/Test2/Event/V2.html
Test2::Event::Waiting,-Tellallprocs/threadsitistimetobedone,https://perldoc.perl.org/5.32.0/Test2/Event/Waiting.html
Test2::EventFacet,-Baseclassforalleventfacets.,https://perldoc.perl.org/5.32.0/Test2/EventFacet.html
Test2::EventFacet::About,-Facetwitheventdetails.,https://perldoc.perl.org/5.32.0/Test2/EventFacet/About.html
Test2::EventFacet::Amnesty,-Facetforassertionamnesty.,https://perldoc.perl.org/5.32.0/Test2/EventFacet/Amnesty.html
Test2::EventFacet::Assert,-Facetrepresentinganassertion.,https://perldoc.perl.org/5.32.0/Test2/EventFacet/Assert.html
Test2::EventFacet::Control,-Facetforhubactionsandbehaviors.,https://perldoc.perl.org/5.32.0/Test2/EventFacet/Control.html
Test2::EventFacet::Error,-Facetforerrorsthatneedtobeshown.,https://perldoc.perl.org/5.32.0/Test2/EventFacet/Error.html
Test2::EventFacet::Hub,-Facetforthehubsaneventpassesthrough.,https://perldoc.perl.org/5.32.0/Test2/EventFacet/Hub.html
Test2::EventFacet::Info,-Facetforinformationadevelopermightcareabout.,https://perldoc.perl.org/5.32.0/Test2/EventFacet/Info.html
Test2::EventFacet::Meta,-Facetformeta-data,https://perldoc.perl.org/5.32.0/Test2/EventFacet/Meta.html
Test2::EventFacet::Parent,-Facetforeventscontainsotherevents,https://perldoc.perl.org/5.32.0/Test2/EventFacet/Parent.html
Test2::EventFacet::Plan,-Facetforsettingtheplan,https://perldoc.perl.org/5.32.0/Test2/EventFacet/Plan.html
Test2::EventFacet::Render,-Facetthatdictateshowtorenderanevent.,https://perldoc.perl.org/5.32.0/Test2/EventFacet/Render.html
Test2::EventFacet::Trace,-Debuginformationforevents,https://perldoc.perl.org/5.32.0/Test2/EventFacet/Trace.html
Test2::Formatter,-Namespaceforformatters.,https://perldoc.perl.org/5.32.0/Test2/Formatter.html
Test2::Formatter::TAP,-StandardTAPformatter,https://perldoc.perl.org/5.32.0/Test2/Formatter/TAP.html
Test2::Hub,-Theconduitthroughwhichalleventsflow.,https://perldoc.perl.org/5.32.0/Test2/Hub.html
Test2::Hub::Interceptor,-Hubusedbyinterceptortograbresults.,https://perldoc.perl.org/5.32.0/Test2/Hub/Interceptor.html
Test2::Hub::Interceptor::Terminator,-ExceptionclassusedbyTest2::Hub::Interceptor,https://perldoc.perl.org/5.32.0/Test2/Hub/Interceptor/Terminator.html
Test2::Hub::Subtest,-Hubusedbysubtests,https://perldoc.perl.org/5.32.0/Test2/Hub/Subtest.html
Test2::IPC,-TurnonIPCforthreadingorforkingsupport.,https://perldoc.perl.org/5.32.0/Test2/IPC.html
Test2::IPC::Driver,-BaseclassforTest2IPCdrivers.,https://perldoc.perl.org/5.32.0/Test2/IPC/Driver.html
Test2::IPC::Driver::Files,-Tempdir+Filesconcurrencymodel.,https://perldoc.perl.org/5.32.0/Test2/IPC/Driver/Files.html
Test2::Tools::Tiny,-TinysetoftoolsforunfortunatesoulswhocannotuseTest2::Suite.,https://perldoc.perl.org/5.32.0/Test2/Tools/Tiny.html
Test2::Util,-ToolsusedbyTest2andfriends.,https://perldoc.perl.org/5.32.0/Test2/Util.html
Test2::Util::ExternalMeta,-Allowthirdpartytoolstosafelyattachmeta-datatoyourinstances.,https://perldoc.perl.org/5.32.0/Test2/Util/ExternalMeta.html
Test2::Util::Facets2Legacy,-ConvertfacetdatatothelegacyeventAPI.,https://perldoc.perl.org/5.32.0/Test2/Util/Facets2Legacy.html
Test2::Util::HashBase,-Buildhashbasedclasses.,https://perldoc.perl.org/5.32.0/Test2/Util/HashBase.html
Test2::Util::Trace,-LegacywrapperfroTest2::EventFacet::Trace.,https://perldoc.perl.org/5.32.0/Test2/Util/Trace.html
Test::Builder,-Backendforbuildingtestlibraries,https://perldoc.perl.org/5.32.0/Test/Builder.html
Test::Builder::Formatter,-Test::BuildersubclassofTest2::Formatter::TAP,https://perldoc.perl.org/5.32.0/Test/Builder/Formatter.html
Test::Builder::IO::Scalar,-AcopyofIO::ScalarforTest::Builder,https://perldoc.perl.org/5.32.0/Test/Builder/IO/Scalar.html
Test::Builder::Module,-Baseclassfortestmodules,https://perldoc.perl.org/5.32.0/Test/Builder/Module.html
Test::Builder::Tester,-testtestsuitesthathavebeenbuiltwithTest::Builder,https://perldoc.perl.org/5.32.0/Test/Builder/Tester.html
Test::Builder::Tester::Color,-turnoncolourinTest::Builder::Tester,https://perldoc.perl.org/5.32.0/Test/Builder/Tester/Color.html
Test::Builder::TodoDiag,-Test::BuildersubclassofTest2::Event::Diag,https://perldoc.perl.org/5.32.0/Test/Builder/TodoDiag.html
Test::Harness,-RunPerlstandardtestscriptswithstatistics,https://perldoc.perl.org/5.32.0/Test/Harness.html
Test::More,-yetanotherframeworkforwritingtestscripts,https://perldoc.perl.org/5.32.0/Test/More.html
Test::Simple,-Basicutilitiesforwritingtests.,https://perldoc.perl.org/5.32.0/Test/Simple.html
Test::Tester,-EasetestingtestmodulesbuiltwithTest::Builder,https://perldoc.perl.org/5.32.0/Test/Tester.html
Test::Tester::Capture,-HelptestingtestmodulesbuiltwithTest::Builder,https://perldoc.perl.org/5.32.0/Test/Tester/Capture.html
Test::Tester::CaptureRunner,-HelptestingtestmodulesbuiltwithTest::Builder,https://perldoc.perl.org/5.32.0/Test/Tester/CaptureRunner.html
Test::use::ok,-AlternativetoTest::More::use_ok,https://perldoc.perl.org/5.32.0/Test/use/ok.html
Text::Abbrev,-abbrev-createanabbreviationtablefromalist,https://perldoc.perl.org/5.32.0/Text/Abbrev.html
Text::Balanced,-Extractdelimitedtextsequencesfromstrings.,https://perldoc.perl.org/5.32.0/Text/Balanced.html
Text::ParseWords,-parsetextintoanarrayoftokensorarrayofarrays,https://perldoc.perl.org/5.32.0/Text/ParseWords.html
Text::Tabs,-expandandunexpandtabslikeunixexpand(1)andunexpand(1),https://perldoc.perl.org/5.32.0/Text/Tabs.html
Text::Wrap,-linewrappingtoformsimpleparagraphs,https://perldoc.perl.org/5.32.0/Text/Wrap.html
Thread,-ManipulatethreadsinPerl(foroldcodeonly),https://perldoc.perl.org/5.32.0/Thread.html
Thread::Queue,-Thread-safequeues,https://perldoc.perl.org/5.32.0/Thread/Queue.html
Thread::Semaphore,-Thread-safesemaphores,https://perldoc.perl.org/5.32.0/Thread/Semaphore.html
Tie::Array,-baseclassfortiedarrays,https://perldoc.perl.org/5.32.0/Tie/Array.html
Tie::File,-AccessthelinesofadiskfileviaaPerlarray,https://perldoc.perl.org/5.32.0/Tie/File.html
Tie::Handle,-baseclassdefinitionsfortiedhandles,https://perldoc.perl.org/5.32.0/Tie/Handle.html
Tie::Hash,-baseclassdefinitionsfortiedhashes,https://perldoc.perl.org/5.32.0/Tie/Hash.html
Tie::Hash::NamedCapture,-Namedregexpcapturebuffers,https://perldoc.perl.org/5.32.0/Tie/Hash/NamedCapture.html
Tie::Memoize,-adddatatohashwhenneeded,https://perldoc.perl.org/5.32.0/Tie/Memoize.html
Tie::RefHash,-usereferencesashashkeys,https://perldoc.perl.org/5.32.0/Tie/RefHash.html
Tie::Scalar,-baseclassdefinitionsfortiedscalars,https://perldoc.perl.org/5.32.0/Tie/Scalar.html
Tie::StdHandle,-baseclassdefinitionsfortiedhandles,https://perldoc.perl.org/5.32.0/Tie/StdHandle.html
Tie::SubstrHash,"-Fixed-table-size,fixed-key-lengthhashing",https://perldoc.perl.org/5.32.0/Tie/SubstrHash.html
Time::gmtime,-by-nameinterfacetoPerl'sbuilt-ingmtime()function,https://perldoc.perl.org/5.32.0/Time/gmtime.html
Time::HiRes,"-Highresolutionalarm,sleep,gettimeofday,intervaltimers",https://perldoc.perl.org/5.32.0/Time/HiRes.html
Time::Local,-EfficientlycomputetimefromlocalandGMTtime,https://perldoc.perl.org/5.32.0/Time/Local.html
Time::localtime,-by-nameinterfacetoPerl'sbuilt-inlocaltime()function,https://perldoc.perl.org/5.32.0/Time/localtime.html
Time::Piece,-ObjectOrientedtimeobjects,https://perldoc.perl.org/5.32.0/Time/Piece.html
Time::Seconds,-asimpleAPItoconvertsecondstootherdatevalues,https://perldoc.perl.org/5.32.0/Time/Seconds.html
Time::tm,-internalobjectusedbyTime::gmtimeandTime::localtime,https://perldoc.perl.org/5.32.0/Time/tm.html
Unicode::Collate,-UnicodeCollationAlgorithm,https://perldoc.perl.org/5.32.0/Unicode/Collate.html
Unicode::Collate::CJK::Big5,-weightingCJKUnifiedIdeographsforUnicode::Collate,https://perldoc.perl.org/5.32.0/Unicode/Collate/CJK/Big5.html
Unicode::Collate::CJK::GB2312,-weightingCJKUnifiedIdeographsforUnicode::Collate,https://perldoc.perl.org/5.32.0/Unicode/Collate/CJK/GB2312.html
Unicode::Collate::CJK::JISX0208,-weightingJISKANJIforUnicode::Collate,https://perldoc.perl.org/5.32.0/Unicode/Collate/CJK/JISX0208.html
Unicode::Collate::CJK::Korean,-weightingCJKUnifiedIdeographsforUnicode::Collate,https://perldoc.perl.org/5.32.0/Unicode/Collate/CJK/Korean.html
Unicode::Collate::CJK::Pinyin,-weightingCJKUnifiedIdeographsforUnicode::Collate,https://perldoc.perl.org/5.32.0/Unicode/Collate/CJK/Pinyin.html
Unicode::Collate::CJK::Stroke,-weightingCJKUnifiedIdeographsforUnicode::Collate,https://perldoc.perl.org/5.32.0/Unicode/Collate/CJK/Stroke.html
Unicode::Collate::CJK::Zhuyin,-weightingCJKUnifiedIdeographsforUnicode::Collate,https://perldoc.perl.org/5.32.0/Unicode/Collate/CJK/Zhuyin.html
Unicode::Collate::Locale,-LinguistictailoringforDUCETviaUnicode::Collate,https://perldoc.perl.org/5.32.0/Unicode/Collate/Locale.html
Unicode::Normalize,-UnicodeNormalizationForms,https://perldoc.perl.org/5.32.0/Unicode/Normalize.html
Unicode::UCD,-Unicodecharacterdatabase,https://perldoc.perl.org/5.32.0/Unicode/UCD.html
UNIVERSAL,-baseclassforALLclasses(blessedreferences),https://perldoc.perl.org/5.32.0/UNIVERSAL.html
User::grent,-by-nameinterfacetoPerl'sbuilt-ingetgr*()functions,https://perldoc.perl.org/5.32.0/User/grent.html
User::pwent,-by-nameinterfacetoPerl'sbuilt-ingetpw*()functions,https://perldoc.perl.org/5.32.0/User/pwent.html
XS::APItest,-TesttheperlCAPI,https://perldoc.perl.org/5.32.0/XS/APItest.html
XS::Typemap,-moduletotesttheXStypemapsdistributedwithperl,https://perldoc.perl.org/5.32.0/XS/Typemap.html
XSLoader,-DynamicallyloadClibrariesintoPerlcode,https://perldoc.perl.org/5.32.0/XSLoader.html
